Date|Magician|Chariot|Priestess|Emperor|Lovers|Fortune|Strength|Sun|Moon|Hanged Man|Death|Temperance|Hermit|Empress|Hierophant|Justice|Devil|Tower
2011-04-11|Unavailable|Unavailable|Unavailable|Unavailable|Unavailable|Unavailable|Unavailable|Unavailable|Unavailable|Unavailable|Unavailable|Unavailable|Unavailable|Unavailable|Unavailable|Unavailable|Unavailable|Unavailable
2011-04-12|Unavailable|Unavailable|Unavailable|Unavailable|Unavailable|Unavailable|Unavailable|Unavailable|Unavailable|Unavailable|Unavailable|Unavailable|Unavailable|Unavailable|Unavailable|Unavailable|Unavailable|Unavailable
2011-04-13|Unavailable|Unavailable|Unavailable|Unavailable|Unavailable|Unavailable|Unavailable|Unavailable|Unavailable|Unavailable|Unavailable|Unavailable|Unavailable|Unavailable|Unavailable|Unavailable|Unavailable|Unavailable
2011-04-14|Unavailable|Unavailable|Unavailable|Unavailable|Unavailable|Unavailable|Unavailable|Unavailable|Unavailable|Unavailable|Unavailable|Unavailable|Unavailable|Unavailable|Unavailable|Unavailable|Unavailable|Unavailable
2011-04-15|Unavailable|Unavailable|Unavailable|Unavailable|Unavailable|Unavailable|Unavailable|Unavailable|Unavailable|Unavailable|Unavailable|Unavailable|Unavailable|Unavailable|Unavailable|Unavailable|Unavailable|Unavailable
2011-04-16|I|Unavailable|Unavailable|Unavailable|Unavailable|Unavailable|Unavailable|Unavailable|Unavailable|Unavailable|Unavailable|Unavailable|Unavailable|Unavailable|Unavailable|Unavailable|Unavailable|Unavailable
2011-04-17|Unavailable|Unavailable|Unavailable|Unavailable|Unavailable|Unavailable|Unavailable|Unavailable|Unavailable|Unavailable|Unavailable|Unavailable|Unavailable|Unavailable|Unavailable|Unavailable|Unavailable|Unavailable
2011-04-18|Unavailable|I|Unavailable|Unavailable|Unavailable|Unavailable|Unavailable|Unavailable|Unavailable|Unavailable|Unavailable|Unavailable|Unavailable|Unavailable|Unavailable|Unavailable|Unavailable|Unavailable
2011-04-19|Unavailable|Unavailable|Unavailable|Unavailable|Unavailable|Unavailable|I|Unavailable|Unavailable|Unavailable|Unavailable|Unavailable|Unavailable|Unavailable|Unavailable|Unavailable|Unavailable|Unavailable
2011-04-20|Y|Unavailable|Unavailable|Unavailable|Unavailable|Unavailable|Unavailable|Unavailable|Unavailable|Unavailable|Unavailable|Unavailable|Unavailable|Unavailable|Unavailable|Unavailable|Unavailable|Unavailable
2011-04-21|Unavailable|Unavailable|Unavailable|Unavailable|Unavailable|Unavailable|Y|Unavailable|Unavailable|Unavailable|Unavailable|Unavailable|Unavailable|Unavailable|Unavailable|Unavailable|Unavailable|Unavailable
2011-04-22|Y|Unavailable|Unavailable|Unavailable|Unavailable|Unavailable|Unavailable|Unavailable|Unavailable|Unavailable|Unavailable|Unavailable|Unavailable|Unavailable|Unavailable|Unavailable|Unavailable|Unavailable
2011-04-23|Y|Unavailable|Unavailable|Unavailable|Unavailable|Unavailable|Y|Unavailable|Unavailable|Unavailable|Unavailable|F|Unavailable|Unavailable|Unavailable|Unavailable|Unavailable|Unavailable
2011-04-24|Y|Unavailable|Unavailable|Unavailable|Unavailable|Unavailable|T|Unavailable|Unavailable|Unavailable|Unavailable|Unavailable|Unavailable|Unavailable|Unavailable|Unavailable|Unavailable|Unavailable
2011-04-25|Y|Unavailable|Unavailable|Unavailable|Unavailable|Unavailable|Unavailable|I|Unavailable|Unavailable|Unavailable|I|Unavailable|Unavailable|Unavailable|Unavailable|Unavailable|Unavailable
2011-04-26|Unavailable|Y|Unavailable|Unavailable|Unavailable|Unavailable|Y|Y|Unavailable|Unavailable|Unavailable|Unavailable|Unavailable|Unavailable|Unavailable|Unavailable|Unavailable|Unavailable
2011-04-27|Unavailable|Unavailable|Unavailable|Unavailable|Unavailable|Unavailable|Unavailable|Unavailable|F|Unavailable|Unavailable|Unavailable|Unavailable|Unavailable|Unavailable|Unavailable|Unavailable|Unavailable
2011-04-28|Unavailable|Unavailable|Unavailable|Unavailable|Unavailable|Unavailable|Unavailable|Y|Unavailable|Unavailable|Unavailable|Unavailable|Unavailable|Unavailable|Unavailable|Unavailable|Unavailable|Unavailable
2011-04-29|Unavailable|Unavailable|Unavailable|Unavailable|Unavailable|Unavailable|Unavailable|Unavailable|Unavailable|Unavailable|Unavailable|Unavailable|Unavailable|Unavailable|Unavailable|Unavailable|Unavailable|Unavailable
2011-04-30|Unavailable|Unavailable|Unavailable|Unavailable|Unavailable|Unavailable|Unavailable|Unavailable|Unavailable|Unavailable|Unavailable|Unavailable|Unavailable|Unavailable|Unavailable|Unavailable|Unavailable|Unavailable
2011-05-01|Unavailable|Unavailable|Unavailable|Unavailable|Unavailable|Unavailable|Unavailable|Unavailable|Unavailable|Unavailable|Unavailable|Unavailable|Unavailable|Unavailable|Unavailable|Unavailable|Unavailable|Unavailable
2011-05-02|Unavailable|Unavailable|Unavailable|Unavailable|Unavailable|Unavailable|Unavailable|Unavailable|Unavailable|Unavailable|Unavailable|Unavailable|Unavailable|Unavailable|Unavailable|Unavailable|Unavailable|Unavailable
2011-05-03|Unavailable|Unavailable|Unavailable|Unavailable|Unavailable|Unavailable|Unavailable|Unavailable|Unavailable|Unavailable|Unavailable|Unavailable|Unavailable|Unavailable|Unavailable|I|Unavailable|Unavailable
2011-05-04|T/Y|Y|Unavailable|Unavailable|Unavailable|Unavailable|Unavailable|Unavailable|Unavailable|Unavailable|Unavailable|Unavailable|Unavailable|Unavailable|Unavailable|Unavailable|Unavailable|Unavailable
2011-05-05|Unavailable|Unavailable|Unavailable|Unavailable|Unavailable|Unavailable|Unavailable|Unavailable|Unavailable|Unavailable|Unavailable|Unavailable|I|Unavailable|Unavailable|Unavailable|Unavailable|Unavailable
2011-05-06|Y|Y|Unavailable|Unavailable|Unavailable|Unavailable|Unavailable|Unavailable|Unavailable|Unavailable|Unavailable|Y|Y|Unavailable|I|Unavailable|Unavailable|Unavailable
2011-05-07|Unavailable|Unavailable|Unavailable|Unavailable|Unavailable|Unavailable|Unavailable|Unavailable|Unavailable|Unavailable|Unavailable|Unavailable|Y|Unavailable|Unavailable|Y|Unavailable|Unavailable
2011-05-08|Y|T|Unavailable|Unavailable|Unavailable|Unavailable|Unavailable|Unavailable|Unavailable|Unavailable|Unavailable|Unavailable|Y|Unavailable|Y|Unavailable|Unavailable|Unavailable
2011-05-09|Unavailable|Unavailable|Unavailable|Unavailable|Unavailable|Unavailable|Unavailable|Unavailable|Unavailable|Unavailable|Unavailable|Unavailable|Unavailable|Unavailable|Unavailable|Unavailable|Unavailable|Unavailable
2011-05-10|Unavailable|Unavailable|Unavailable|Unavailable|Unavailable|Unavailable|Unavailable|Unavailable|Unavailable|Unavailable|Unavailable|Unavailable|Unavailable|Unavailable|Unavailable|Unavailable|Unavailable|Unavailable
2011-05-11|Unavailable|Unavailable|Unavailable|Unavailable|Unavailable|Unavailable|Unavailable|Unavailable|Unavailable|Unavailable|Unavailable|Unavailable|Unavailable|Unavailable|Unavailable|Unavailable|Unavailable|Unavailable
2011-05-12|Y|Y|Unavailable|Unavailable|Unavailable|Unavailable|Y|Y|Unavailable|Unavailable|Unavailable|Unavailable|Y|Unavailable|Y|Unavailable|Unavailable|Unavailable
2011-05-13|Unavailable|Unavailable|Unavailable|Unavailable|Unavailable|Unavailable|Unavailable|Unavailable|I|Unavailable|Unavailable|Y|Y|Unavailable|Unavailable|Unavailable|Unavailable|Unavailable
2011-05-14|Unavailable|Unavailable|Unavailable|Unavailable|Unavailable|Unavailable|Unavailable|Unavailable|Unavailable|Unavailable|Unavailable|Unavailable|Unavailable|Unavailable|Unavailable|Unavailable|Unavailable|Unavailable
2011-05-15|Unavailable|Unavailable|Unavailable|Unavailable|Unavailable|Unavailable|Unavailable|Unavailable|Unavailable|Unavailable|Unavailable|Unavailable|Unavailable|Unavailable|Unavailable|Unavailable|Unavailable|Unavailable
2011-05-16|Unavailable|Unavailable|Unavailable|Unavailable|Unavailable|Unavailable|Unavailable|Unavailable|Unavailable|Unavailable|Unavailable|Unavailable|Unavailable|Unavailable|Unavailable|Unavailable|Unavailable|Unavailable
2011-05-17|Unavailable|Unavailable|I|Unavailable|Unavailable|Unavailable|Unavailable|Unavailable|Unavailable|Unavailable|Unavailable|Unavailable|Unavailable|Unavailable|Unavailable|Unavailable|Unavailable|Unavailable
2011-05-18|Unavailable|Unavailable|Unavailable|Unavailable|Unavailable|Unavailable|Y|Unavailable|Y|Unavailable|Unavailable|Unavailable|Y|Unavailable|Unavailable|Y|Unavailable|Unavailable
2011-05-19|Unavailable|Unavailable|Unavailable|Unavailable|Unavailable|Unavailable|Y|Y|Y|Unavailable|Unavailable|Unavailable|Y|I|Unavailable|Unavailable|Unavailable|Unavailable
2011-05-20|Unavailable|Unavailable|Unavailable|Unavailable|Unavailable|Unavailable|Unavailable|Unavailable|Y|Unavailable|Unavailable|Y|Y|Y|Unavailable|Y|Unavailable|Unavailable
2011-05-21|Y|Y|Unavailable|Unavailable|Unavailable|Unavailable|Y|Unavailable|Unavailable|Unavailable|Unavailable|Y|Y|Y|Y|Unavailable|Unavailable|Unavailable
2011-05-22|Y|Unavailable|Y|Unavailable|Unavailable|Unavailable|Unavailable|Unavailable|Unavailable|Unavailable|Unavailable|Unavailable|Y|Y|Y|Unavailable|Unavailable|Unavailable
2011-05-23|Y|Y|Y|Unavailable|Unavailable|Unavailable|Unavailable|Y|Unavailable|Unavailable|Unavailable|Y|Y|Y|Unavailable|Y|Unavailable|Unavailable
2011-05-24|Unavailable|Y|Y|Unavailable|Unavailable|Unavailable|Y|Y|Unavailable|Unavailable|Unavailable|Unavailable|Y|Y|Y|Unavailable|Unavailable|Unavailable
2011-05-25|Unavailable|Unavailable|Y|Unavailable|Unavailable|Unavailable|Unavailable|Unavailable|Y|Unavailable|Unavailable|Unavailable|Y|Y|Unavailable|Y|F/Y|F
2011-05-26|Y|Y|Y|Unavailable|Unavailable|Unavailable|Y|Y|Y|Unavailable|Unavailable|Unavailable|Y|Y|Y|Unavailable|I|I
2011-05-27|Unavailable|Unavailable|Unavailable|Unavailable|Unavailable|Unavailable|Unavailable|Unavailable|Y|Unavailable|Unavailable|Y|Y|Y|Unavailable|Y|Y|Unavailable
2011-05-28|Y|Y|Unavailable|Unavailable|Unavailable|Unavailable|Y|Unavailable|Unavailable|Unavailable|Unavailable|Y|Y|Y|Y|Unavailable|Unavailable|Y
2011-05-29|Y|Unavailable|Unavailable|Unavailable|Unavailable|Unavailable|T|Unavailable|Unavailable|Unavailable|Unavailable|Unavailable|Y|Y|Y|Unavailable|Unavailable|Unavailable
2011-05-30|Y|Y|Y|Unavailable|Unavailable|Unavailable|Unavailable|Y|Unavailable|Unavailable|Unavailable|Y|Y|Y|Unavailable|Y|Unavailable|Unavailable
2011-05-31|Unavailable|Y|Y|Unavailable|Unavailable|Unavailable|Y|Y|Unavailable|Unavailable|Unavailable|Unavailable|Y|Y|Y|Unavailable|Unavailable|Y
2011-06-01|Unavailable|Unavailable|Y|Unavailable|Unavailable|Unavailable|Y|Unavailable|Y|Unavailable|Unavailable|Unavailable|Y|Y|Unavailable|Unavailable|Y|Unavailable
2011-06-02|Unavailable|Unavailable|Unavailable|Unavailable|Unavailable|Unavailable|Unavailable|Y|Unavailable|Unavailable|Unavailable|Unavailable|Y|Y|Unavailable|Y|Y|Y
2011-06-03|Unavailable|Unavailable|Unavailable|Unavailable|Unavailable|Unavailable|Unavailable|Unavailable|Unavailable|Unavailable|Unavailable|Unavailable|Y|Y|Y|Unavailable|Y|Unavailable
2011-06-04|Unavailable|Unavailable|Unavailable|Unavailable|Unavailable|Unavailable|Unavailable|Unavailable|Unavailable|Unavailable|Unavailable|Unavailable|Y|Y|Unavailable|Unavailable|Unavailable|Unavailable
2011-06-05|Y|Y|Unavailable|Unavailable|Unavailable|Unavailable|Unavailable|Unavailable|Unavailable|Unavailable|I|Unavailable|Y|Y|Unavailable|Y|Unavailable|Unavailable
2011-06-06|Unavailable|Unavailable|Unavailable|Unavailable|Unavailable|Unavailable|Unavailable|Unavailable|Unavailable|Unavailable|Unavailable|Unavailable|Unavailable|Unavailable|Y|Unavailable|Unavailable|Unavailable
2011-06-07|Unavailable|Unavailable|Unavailable|Unavailable|Unavailable|Unavailable|Unavailable|Y|Unavailable|Unavailable|Unavailable|Unavailable|Y|Y|Unavailable|Y|Unavailable|Y
2011-06-08|Unavailable|Unavailable|Unavailable|Unavailable|Unavailable|Unavailable|Unavailable|Unavailable|Unavailable|Unavailable|Unavailable|Unavailable|Unavailable|Unavailable|Y|Unavailable|Y|Unavailable
2011-06-09|Y|Y|Y|I|Unavailable|Unavailable|Y|Y|Y|F|Unavailable|Unavailable|Y|Y|Y|Unavailable|Y|Y
2011-06-10|Unavailable|Unavailable|Unavailable|Unavailable|Unavailable|Unavailable|Unavailable|Unavailable|Unavailable|Unavailable|Unavailable|Unavailable|Y|Y|Unavailable|Y|Y|Unavailable
2011-06-11|Y|Y|Unavailable|Y|Unavailable|Unavailable|Y|Unavailable|Unavailable|Unavailable|Unavailable|Y|Y|Y|Unavailable|Y|Unavailable|Y
2011-06-12|Y|Unavailable|T/Y|Y|Unavailable|Unavailable|Unavailable|Unavailable|Unavailable|Unavailable|Y|Unavailable|Y|Y|Y|Unavailable|Unavailable|Unavailable
2011-06-13|Y|Y|Y|Unavailable|Unavailable|Unavailable|Unavailable|Y|Unavailable|F|Unavailable|Y|Y|Y|Y|Unavailable|Unavailable|Unavailable
2011-06-14|Unavailable|Unavailable|Unavailable|Unavailable|Unavailable|Unavailable|Unavailable|Y|Unavailable|Unavailable|Unavailable|Unavailable|Y|Y|Unavailable|Unavailable|Unavailable|Unavailable
2011-06-15|Unavailable|Unavailable|Y|Y|Unavailable|Unavailable|Y|Unavailable|Y|I|Unavailable|Unavailable|Y|Y|Unavailable|Y|Y|Unavailable
2011-06-16|Unavailable|Unavailable|Unavailable|Unavailable|Unavailable|Unavailable|Unavailable|Unavailable|Unavailable|Unavailable|Unavailable|Unavailable|Unavailable|Unavailable|Y|Unavailable|Y|Y
2011-06-17|Unavailable|Unavailable|Unavailable|Unavailable|Unavailable|Unavailable|Unavailable|Unavailable|Unavailable|Unavailable|Unavailable|Unavailable|Unavailable|Unavailable|Unavailable|Unavailable|Unavailable|Unavailable
2011-06-18|Unavailable|Unavailable|Unavailable|Unavailable|Unavailable|Unavailable|Unavailable|Unavailable|Unavailable|Unavailable|Unavailable|Unavailable|Unavailable|Unavailable|Unavailable|Unavailable|Unavailable|Unavailable
2011-06-19|Y|Unavailable|Unavailable|Y|Unavailable|Unavailable|Unavailable|Unavailable|Unavailable|Unavailable|Y|Unavailable|Y|Y|Unavailable|Unavailable|Unavailable|Unavailable
2011-06-20|Y|Y|Y|Unavailable|Unavailable|Unavailable|Unavailable|Y|Unavailable|Y|Unavailable|Y|Y|Y|Y|Unavailable|Unavailable|Unavailable
2011-06-21|Unavailable|Unavailable|Unavailable|Unavailable|Unavailable|Unavailable|Unavailable|Y|Unavailable|Unavailable|Unavailable|Unavailable|Y|Y|Unavailable|Unavailable|Unavailable|Unavailable
2011-06-22|Unavailable|Unavailable|Unavailable|Unavailable|Unavailable|Unavailable|Unavailable|Unavailable|Unavailable|Unavailable|Unavailable|Unavailable|Unavailable|Unavailable|Unavailable|Unavailable|Unavailable|Unavailable
2011-06-23|Unavailable|Unavailable|Unavailable|Unavailable|Unavailable|Unavailable|Unavailable|Unavailable|Unavailable|Unavailable|Unavailable|Unavailable|Unavailable|Unavailable|Unavailable|Unavailable|Unavailable|Unavailable
2011-06-24|Unavailable|Unavailable|Unavailable|Unavailable|Unavailable|Unavailable|Unavailable|Unavailable|Y|Y|Unavailable|Y|Y|Y|Unavailable|Y|Y|Unavailable
2011-06-25|Unavailable|Unavailable|Unavailable|Unavailable|Unavailable|Unavailable|Unavailable|Unavailable|Unavailable|Unavailable|Unavailable|Unavailable|Y|Y|Unavailable|Y|Unavailable|Y
2011-06-26|Y|Unavailable|Unavailable|Y|Unavailable|Unavailable|Unavailable|Unavailable|Unavailable|Unavailable|Y|Unavailable|Y|Y|Unavailable|Y|Unavailable|Unavailable
2011-06-27|Y|Y|Y|Unavailable|Unavailable|Unavailable|Unavailable|Y|Unavailable|Y|Unavailable|Y|Y|Y|Y|Unavailable|Unavailable|Unavailable
2011-06-28|Unavailable|Y|Y|Unavailable|Unavailable|Unavailable|Y|Y|Unavailable|Y|Unavailable|Unavailable|Y|Y|Unavailable|Y|Unavailable|Y
2011-06-29|Unavailable|Unavailable|Y|Y|Unavailable|Unavailable|Y|Unavailable|Y|Y|Unavailable|Unavailable|Y|Y|Y|Unavailable|Y|Unavailable
2011-06-30|Y|Y|Y|Y|Unavailable|Unavailable|Y|Y|Y|Y|Unavailable|Unavailable|Y|Y|Y|Unavailable|Y|Y
2011-07-01|Unavailable|Unavailable|Unavailable|Unavailable|Unavailable|Unavailable|Unavailable|Unavailable|Unavailable|Unavailable|Unavailable|Unavailable|Y|Y|Unavailable|Y|Y|Unavailable
2011-07-02|Y|Y|Unavailable|Y|Unavailable|Unavailable|Y|Unavailable|Unavailable|Unavailable|Unavailable|Y|Y|Y|Unavailable|Y|Unavailable|Y
2011-07-03|Y|Unavailable|Unavailable|Y|Unavailable|Unavailable|Unavailable|T|Unavailable|Unavailable|Y|Unavailable|Y|Y|Y|Unavailable|Unavailable|Unavailable
2011-07-04|Y|Y|Y|Unavailable|Unavailable|Unavailable|Unavailable|Y|Unavailable|Y|Unavailable|Y|Y|Y|Unavailable|Y|Unavailable|Unavailable
2011-07-05|Unavailable|Y|Y|Unavailable|Unavailable|Unavailable|Y|Y|Unavailable|Y|Unavailable|Unavailable|Y|Y|Unavailable|Y|Unavailable|Y
2011-07-06|Unavailable|Unavailable|Y|Y|Unavailable|Unavailable|Y|Unavailable|Y|Y|Unavailable|Unavailable|Y|Y|Y|Unavailable|Y|Unavailable
2011-07-07|Y|Y|Y|Y|Unavailable|Unavailable|Y|Y|Y|Y|Unavailable|Unavailable|Y|Y|Unavailable|Unavailable|Y|Y
2011-07-08|Unavailable|Unavailable|Unavailable|Unavailable|Unavailable|Unavailable|Unavailable|Unavailable|Unavailable|Unavailable|Unavailable|Unavailable|Y|Y|Unavailable|Y|Y|Unavailable
2011-07-09|Unavailable|Unavailable|Unavailable|Unavailable|Unavailable|Unavailable|Unavailable|Unavailable|Unavailable|Unavailable|Unavailable|Unavailable|Y|Y|Unavailable|Unavailable|Unavailable|Unavailable
2011-07-10|Unavailable|Unavailable|Unavailable|Unavailable|Unavailable|Unavailable|Unavailable|Unavailable|Unavailable|Unavailable|Unavailable|Unavailable|Unavailable|Unavailable|Unavailable|Unavailable|Unavailable|Unavailable
2011-07-11|Unavailable|Unavailable|Unavailable|Unavailable|Unavailable|Unavailable|Unavailable|Unavailable|Unavailable|Unavailable|Unavailable|Unavailable|Unavailable|Unavailable|Unavailable|Y|Unavailable|Unavailable
2011-07-12|Unavailable|Unavailable|Unavailable|Unavailable|Unavailable|Unavailable|Unavailable|Unavailable|Unavailable|Unavailable|Unavailable|Unavailable|Y|Y|Unavailable|Y|Unavailable|Y
2011-07-13|Unavailable|Unavailable|Y|Unavailable|Unavailable|Unavailable|Unavailable|Unavailable|Unavailable|Unavailable|Unavailable|Unavailable|Y|Y|Y|Unavailable|Y|Unavailable
2011-07-14|Y|Unavailable|Unavailable|Y|Unavailable|Unavailable|Unavailable|Unavailable|Unavailable|Unavailable|Unavailable|Unavailable|Y|Y|Unavailable|Y|Y|Y
2011-07-15|Unavailable|Y|Unavailable|Unavailable|Unavailable|Unavailable|Unavailable|Unavailable|Unavailable|Unavailable|Unavailable|Y|Y|Y|Y|Unavailable|Y|Unavailable
2011-07-16|Unavailable|Unavailable|Unavailable|Unavailable|Unavailable|Unavailable|Unavailable|Unavailable|Unavailable|Unavailable|Unavailable|Unavailable|Y|Y|Unavailable|Y|Unavailable|Y
2011-07-17|Y|Unavailable|Y|Y|Unavailable|Unavailable|T|Unavailable|Unavailable|Unavailable|Y|Unavailable|Y|Y|Unavailable|Y|Unavailable|Unavailable
2011-07-18|Y|Y|Y|Unavailable|Unavailable|Unavailable|Unavailable|Unavailable|Unavailable|Unavailable|Unavailable|Y|Y|Y|Y|Unavailable|Unavailable|Unavailable
2011-07-19|Unavailable|Unavailable|Unavailable|Unavailable|Unavailable|Unavailable|Unavailable|Unavailable|Unavailable|Unavailable|Unavailable|Unavailable|Unavailable|Unavailable|Unavailable|Unavailable|Unavailable|Unavailable
2011-07-20|Unavailable|Unavailable|Unavailable|Unavailable|Unavailable|Unavailable|Unavailable|Unavailable|Unavailable|Unavailable|Unavailable|Unavailable|Unavailable|Unavailable|Unavailable|Unavailable|Unavailable|Unavailable
2011-07-21|Unavailable|Unavailable|Unavailable|Unavailable|Unavailable|Unavailable|Unavailable|Unavailable|Unavailable|Unavailable|Unavailable|Unavailable|Unavailable|Unavailable|Unavailable|Unavailable|Unavailable|Unavailable
2011-07-22|Unavailable|Unavailable|Unavailable|Unavailable|Unavailable|Unavailable|Unavailable|Unavailable|Unavailable|Unavailable|Unavailable|Unavailable|Unavailable|Unavailable|Unavailable|Unavailable|Unavailable|Unavailable
2011-07-23|Unavailable|Unavailable|Unavailable|Unavailable|I|Unavailable|Unavailable|Unavailable|Unavailable|Unavailable|Unavailable|Unavailable|Unavailable|Unavailable|Unavailable|Unavailable|Unavailable|Unavailable
2011-07-24|Y|Unavailable|Unavailable|Y|Y|Unavailable|Unavailable|Unavailable|Unavailable|Unavailable|Y|Unavailable|Y|Y|Unavailable|Y|Unavailable|Unavailable
2011-07-25|Y|Y|Y|Unavailable|Unavailable|Unavailable|Y|Y|Unavailable|Y|Unavailable|Y|Y|Y|Unavailable|Y|Unavailable|Unavailable
2011-07-26|Unavailable|Unavailable|Unavailable|Unavailable|Unavailable|Unavailable|Unavailable|Y|Unavailable|Unavailable|Unavailable|Unavailable|Y|Y|Unavailable|Unavailable|Unavailable|Unavailable
2011-07-27|Unavailable|Unavailable|Unavailable|Unavailable|Unavailable|Unavailable|Unavailable|Unavailable|Unavailable|Unavailable|Unavailable|Unavailable|Y|Y|Unavailable|Y|Y|Unavailable
2011-07-28|Unavailable|Unavailable|Unavailable|Unavailable|Unavailable|Unavailable|Unavailable|Unavailable|Unavailable|Unavailable|Unavailable|Unavailable|Y|Y|Unavailable|Unavailable|Y|Y
2011-07-29|Unavailable|Unavailable|Unavailable|Unavailable|Unavailable|Unavailable|Unavailable|Unavailable|Unavailable|Unavailable|Unavailable|Y|Y|Y|Unavailable|Y|Y|Unavailable
2011-07-30|Y|Y|Unavailable|Y|Y|Unavailable|Unavailable|Unavailable|Unavailable|Unavailable|Unavailable|Y|Y|Y|Unavailable|Y|Unavailable|Y
2011-07-31|Y|Unavailable|Unavailable|Y|Y|Unavailable|Unavailable|Unavailable|Unavailable|Unavailable|Y|Unavailable|Y|Y|Unavailable|Unavailable|Unavailable|Unavailable
2011-08-01|Y|Y|Y|Unavailable|Unavailable|Unavailable|Unavailable|Unavailable|Unavailable|Unavailable|Unavailable|Y|Y|Y|Unavailable|Y|Unavailable|Unavailable
2011-08-02|Unavailable|Y|Y|Unavailable|Unavailable|Unavailable|Unavailable|Unavailable|Unavailable|Unavailable|Unavailable|Unavailable|Y|Y|Unavailable|Unavailable|Unavailable|Y
2011-08-03|Unavailable|Unavailable|Y|Y|Unavailable|Unavailable|Unavailable|Unavailable|T|Unavailable|Unavailable|Unavailable|Y|Y|Unavailable|Y|Y|Unavailable
2011-08-04|Y|Y|Y|Y|Unavailable|Unavailable|Unavailable|Unavailable|Unavailable|Unavailable|Unavailable|Unavailable|Y|Y|Unavailable|Unavailable|Y|Y
2011-08-05|Unavailable|Y|Unavailable|Unavailable|Y|Unavailable|Unavailable|Unavailable|Unavailable|T|Unavailable|Y|Y|Y|Unavailable|Y|Y|Unavailable
2011-08-06|Unavailable|Unavailable|Unavailable|Unavailable|Unavailable|Unavailable|Unavailable|Unavailable|Unavailable|Unavailable|Unavailable|Unavailable|Y|Y|Unavailable|Y|Unavailable|Y
2011-08-07|Y|Unavailable|Unavailable|Y|Y|Unavailable|Unavailable|Unavailable|Unavailable|Unavailable|Y|Unavailable|Y|Y|Unavailable|Unavailable|Unavailable|Unavailable
2011-08-08|Unavailable|Y|Y|Unavailable|Unavailable|Unavailable|Unavailable|Unavailable|T|Unavailable|Unavailable|Y|Y|Y|Unavailable|Y|Unavailable|Unavailable
2011-08-09|Unavailable|Y|Y|Unavailable|Y|Unavailable|Unavailable|Unavailable|Unavailable|Unavailable|Unavailable|Unavailable|Y|Y|Unavailable|Y|Unavailable|Y
2011-08-10|Unavailable|Unavailable|Y|Y|Unavailable|Unavailable|T|Unavailable|Unavailable|Unavailable|Unavailable|Unavailable|Y|Y|Unavailable|Unavailable|Y|Unavailable
2011-08-11|Unavailable|Unavailable|Unavailable|Unavailable|Unavailable|Unavailable|Unavailable|Unavailable|Unavailable|Unavailable|Unavailable|Unavailable|Y|Y|Unavailable|Y|Y|Y
2011-08-12|Unavailable|Unavailable|Unavailable|Unavailable|Unavailable|Unavailable|Unavailable|Unavailable|Unavailable|Unavailable|Unavailable|Unavailable|Y|Y|Unavailable|Unavailable|Unavailable|Unavailable
2011-08-13|Y|Y|Unavailable|Y|Y|Unavailable|Unavailable|Unavailable|Unavailable|Unavailable|Unavailable|Y|Y|Y|Unavailable|Unavailable|Unavailable|Unavailable
2011-08-14|Unavailable|Unavailable|Unavailable|Y|Y|Unavailable|Unavailable|Unavailable|Unavailable|Unavailable|Y|Unavailable|Y|Y|Y|Unavailable|Unavailable|Unavailable
2011-08-15|Unavailable|Unavailable|Unavailable|Unavailable|Unavailable|Unavailable|Unavailable|Unavailable|Unavailable|Unavailable|Unavailable|Unavailable|Unavailable|Unavailable|Unavailable|Unavailable|Unavailable|Unavailable
2011-08-16|Unavailable|Unavailable|Unavailable|Unavailable|Unavailable|Unavailable|Unavailable|Unavailable|Unavailable|Unavailable|Unavailable|Unavailable|Unavailable|Unavailable|Unavailable|Unavailable|Unavailable|Unavailable
2011-08-17|Unavailable|Unavailable|Unavailable|Unavailable|Unavailable|Unavailable|Unavailable|Unavailable|Unavailable|Unavailable|Unavailable|Unavailable|Unavailable|Unavailable|Unavailable|Unavailable|Unavailable|Unavailable
2011-08-18|Unavailable|Unavailable|Unavailable|Unavailable|Unavailable|Unavailable|Unavailable|Unavailable|Unavailable|Unavailable|Unavailable|Unavailable|Unavailable|Unavailable|Unavailable|Unavailable|Unavailable|Unavailable
2011-08-19|Unavailable|Unavailable|Unavailable|Unavailable|Unavailable|Unavailable|Unavailable|Unavailable|Unavailable|Unavailable|Unavailable|Unavailable|Unavailable|Unavailable|Unavailable|Unavailable|Unavailable|Unavailable
2011-08-20|Unavailable|Unavailable|Unavailable|Unavailable|Unavailable|Unavailable|Unavailable|Unavailable|Unavailable|Unavailable|Unavailable|Unavailable|Unavailable|Unavailable|Unavailable|Unavailable|Unavailable|Unavailable
2011-08-21|Unavailable|Unavailable|Unavailable|Unavailable|Unavailable|Unavailable|Unavailable|T|T|Unavailable|Unavailable|Unavailable|Unavailable|Unavailable|Unavailable|Unavailable|Unavailable|Unavailable
2011-08-22|Y|Y|Y|Unavailable|Unavailable|Unavailable|Unavailable|Unavailable|Unavailable|Unavailable|Unavailable|Y|Y|Y|Y|Unavailable|Unavailable|Unavailable
2011-08-23|Unavailable|Y|Y|Unavailable|Y|Unavailable|Unavailable|Unavailable|Unavailable|Unavailable|Unavailable|Unavailable|Y|Y|Unavailable|Unavailable|Unavailable|Y
2011-08-24|Unavailable|Unavailable|Y|Y|Unavailable|Unavailable|Unavailable|Unavailable|Unavailable|Unavailable|Unavailable|Unavailable|Y|Y|Unavailable|Unavailable|Y|Unavailable
2011-08-25|Unavailable|Unavailable|Unavailable|Unavailable|Unavailable|Unavailable|Unavailable|Unavailable|Unavailable|Unavailable|Unavailable|Unavailable|Y|Y|Unavailable|Unavailable|Y|Y
2011-08-26|Y|T/Y|Unavailable|Unavailable|Y|Unavailable|Unavailable|Unavailable|Unavailable|Unavailable|Unavailable|Y|Y|Y|Y|Unavailable|Y|Unavailable
2011-08-27|Unavailable|Unavailable|Unavailable|Unavailable|Unavailable|Unavailable|Unavailable|Unavailable|Unavailable|Unavailable|Unavailable|Unavailable|Y|Y|Unavailable|Unavailable|Unavailable|Y
2011-08-28|Y|Y|Unavailable|Y|T/Y|Unavailable|Unavailable|Unavailable|Unavailable|Unavailable|Y|Unavailable|Y|Y|Y|Unavailable|Unavailable|Unavailable
2011-08-29|Unavailable|Unavailable|Unavailable|Unavailable|Unavailable|Unavailable|Unavailable|Unavailable|Unavailable|Unavailable|Unavailable|Unavailable|Y|Y|Y|Unavailable|Unavailable|Unavailable
2011-08-30|Y|Y|Y|Y|Unavailable|Unavailable|Unavailable|Unavailable|Unavailable|Unavailable|Unavailable|Unavailable|Y|Y|Unavailable|Y|Unavailable|Y
2011-08-31|Unavailable|Unavailable|Unavailable|Unavailable|Unavailable|Unavailable|Unavailable|Unavailable|Unavailable|Unavailable|Unavailable|Unavailable|Unavailable|Unavailable|Unavailable|Unavailable|Unavailable|Unavailable
2011-09-01|Unavailable|Unavailable|Unavailable|Unavailable|Unavailable|Unavailable|Unavailable|Unavailable|Unavailable|Unavailable|Unavailable|Unavailable|Unavailable|Unavailable|Unavailable|Y|Y|Y
2011-09-02|Unavailable|Unavailable|Unavailable|Unavailable|Unavailable|Unavailable|Unavailable|Unavailable|Unavailable|Unavailable|Unavailable|Unavailable|Y|Y|Y|Unavailable|Y|Unavailable
2011-09-03|Y|Y|Unavailable|Y|Y|Unavailable|Y|Unavailable|Unavailable|Unavailable|Unavailable|Y|Y|Y|Unavailable|Unavailable|Unavailable|Y
2011-09-04|Y|Y|T|Y|Y|Unavailable|Unavailable|Unavailable|Unavailable|Unavailable|Y|Unavailable|Y|Y|Y|Unavailable|Unavailable|Unavailable
2011-09-05|Y|Y|Y|Unavailable|Unavailable|Unavailable|Unavailable|Y|Unavailable|Y|Unavailable|Y|Y|Y|Y|Unavailable|Unavailable|Unavailable
2011-09-06|Unavailable|Unavailable|Unavailable|Unavailable|Unavailable|Unavailable|Unavailable|Y|Unavailable|Unavailable|Unavailable|Unavailable|Y|Y|Y|Unavailable|Unavailable|Y
2011-09-07|Unavailable|Unavailable|Y|Y|Unavailable|Unavailable|Y|Unavailable|Y|Y|Unavailable|Unavailable|Y|Y|Unavailable|Unavailable|Unavailable|Unavailable
2011-09-08|Unavailable|Unavailable|Unavailable|Unavailable|Unavailable|Unavailable|Unavailable|Unavailable|Unavailable|Unavailable|Unavailable|Unavailable|Unavailable|Unavailable|Unavailable|Unavailable|Unavailable|Unavailable
2011-09-09|Unavailable|Unavailable|Unavailable|Unavailable|Unavailable|Unavailable|Unavailable|Unavailable|Unavailable|Unavailable|Unavailable|Unavailable|Unavailable|Unavailable|Unavailable|Unavailable|Unavailable|Unavailable
2011-09-10|Unavailable|Unavailable|Unavailable|Unavailable|Unavailable|Unavailable|Unavailable|Unavailable|Unavailable|Unavailable|Unavailable|Unavailable|Unavailable|Unavailable|Unavailable|Unavailable|Unavailable|Unavailable
2011-09-11|Y|Unavailable|Y|Y|Y|Unavailable|Unavailable|Unavailable|Unavailable|Unavailable|Y|Unavailable|Y|Y|Y|Unavailable|Unavailable|Unavailable
2011-09-12|Y|Y|Y|Unavailable|Unavailable|Unavailable|Unavailable|Y|Unavailable|Y|Unavailable|Y|Y|Y|Unavailable|Unavailable|Unavailable|Unavailable
2011-09-13|Unavailable|Y|Y|Unavailable|Unavailable|Unavailable|Y|Y|Unavailable|Y|Unavailable|Unavailable|Y|Y|Unavailable|Y|Unavailable|Y
2011-09-14|Unavailable|Unavailable|Unavailable|Unavailable|Unavailable|Unavailable|Unavailable|Unavailable|Unavailable|Unavailable|Unavailable|Unavailable|Y|Y|Unavailable|Unavailable|Unavailable|Unavailable
2011-09-15|Unavailable|Unavailable|Unavailable|Unavailable|Unavailable|Unavailable|Unavailable|Unavailable|Unavailable|Unavailable|Unavailable|Unavailable|Unavailable|Unavailable|Unavailable|Unavailable|Unavailable|Unavailable
2011-09-16|Unavailable|Unavailable|Unavailable|Unavailable|Unavailable|Unavailable|Unavailable|Unavailable|Unavailable|Y|Unavailable|Y|Y|Y|Unavailable|Y|Y|Unavailable
2011-09-17|Unavailable|Unavailable|Unavailable|Unavailable|Unavailable|Unavailable|Y|Unavailable|Unavailable|Unavailable|Unavailable|Y|Y|Y|Unavailable|Unavailable|Unavailable|Y
2011-09-18|Y|Unavailable|Unavailable|Y|Y|Unavailable|Unavailable|Unavailable|Unavailable|Unavailable|Y|Unavailable|Y|Y|Y|Unavailable|Unavailable|Unavailable
2011-09-19|Unavailable|Y|Y|Unavailable|Unavailable|Unavailable|Unavailable|Unavailable|Unavailable|Unavailable|Unavailable|Y|Y|Y|Unavailable|Y|Unavailable|Unavailable
2011-09-20|Unavailable|Y|Y|Unavailable|Unavailable|Unavailable|Y|Y|Unavailable|Y|Unavailable|Unavailable|Y|Y|Unavailable|Y|Unavailable|Y
2011-09-21|Unavailable|Unavailable|Y|Y|Unavailable|Unavailable|Unavailable|Unavailable|Y|Y|Unavailable|Unavailable|Y|Y|Unavailable|Y|Y|Unavailable
2011-09-22|Y|Y|Y|Y|Unavailable|Unavailable|Y|Y|Y|Y|Unavailable|Unavailable|Y|Y|Unavailable|Unavailable|Y|Y
2011-09-23|Unavailable|Unavailable|Y|Unavailable|Y|Unavailable|Unavailable|Unavailable|Unavailable|Unavailable|Unavailable|Y|Y|Y|Unavailable|Y|Y|Unavailable
2011-09-24|Y|Y|Unavailable|Y|Y|Unavailable|Y|Unavailable|Unavailable|Unavailable|Unavailable|Y|Y|Y|Unavailable|Y|Unavailable|Y
2011-09-25|Y|Unavailable|Unavailable|Y|Y|Unavailable|Unavailable|Unavailable|T|Unavailable|Y|Unavailable|Y|Y|Y|Unavailable|Unavailable|Unavailable
2011-09-26|Unavailable|Unavailable|Unavailable|Unavailable|Unavailable|Unavailable|Unavailable|Y|Unavailable|Unavailable|Unavailable|Unavailable|Y|Y|Y|Unavailable|Unavailable|Unavailable
2011-09-27|Unavailable|Y|Y|Y|Unavailable|Unavailable|Y|Y|Unavailable|Y|Unavailable|Unavailable|Y|Y|Unavailable|Y|Unavailable|Y
2011-09-28|Unavailable|Unavailable|Y|Y|Unavailable|Unavailable|Y|Unavailable|Y|Y|Unavailable|Unavailable|Y|Y|Unavailable|Unavailable|Y|Unavailable
2011-09-29|Y|Y|Y|Y|Unavailable|Unavailable|Y|Y|Y|Y|Unavailable|Unavailable|Y|Y|Y|Unavailable|Y|Y
2011-09-30|Unavailable|Unavailable|Unavailable|Unavailable|Y|Unavailable|Unavailable|Unavailable|Y|Unavailable|Unavailable|Y|Y|Y|Unavailable|Y|Y|Unavailable
2011-10-01|Unavailable|Unavailable|Unavailable|Unavailable|Unavailable|Unavailable|Unavailable|Unavailable|Unavailable|Unavailable|Unavailable|Unavailable|Y|Y|Unavailable|Y|Unavailable|Y
2011-10-02|Y|T/Y|Unavailable|Y|Y|Unavailable|Unavailable|Unavailable|Unavailable|Unavailable|Y|Unavailable|Y|Y|Y|Unavailable|Unavailable|Unavailable
2011-10-03|Y|Y|Y|Unavailable|Unavailable|Unavailable|Unavailable|Y|Unavailable|Y|Unavailable|Y|Y|Y|Y|Unavailable|Unavailable|Unavailable
2011-10-04|Unavailable|Unavailable|Unavailable|Unavailable|Unavailable|Unavailable|Unavailable|Y|Unavailable|Unavailable|Unavailable|Unavailable|Y|Y|Unavailable|Unavailable|Unavailable|Y
2011-10-05|Unavailable|Unavailable|Unavailable|Unavailable|Unavailable|Unavailable|Unavailable|Unavailable|Unavailable|Unavailable|Unavailable|Unavailable|Y|Y|Unavailable|Unavailable|Unavailable|Unavailable
2011-10-06|Unavailable|Unavailable|Unavailable|Unavailable|Unavailable|Unavailable|Unavailable|Unavailable|Unavailable|Unavailable|Unavailable|Unavailable|Unavailable|Unavailable|Unavailable|Y|Y|Y
2011-10-07|Unavailable|Unavailable|Unavailable|Unavailable|Unavailable|Unavailable|Unavailable|Unavailable|Unavailable|Unavailable|Unavailable|Unavailable|Unavailable|Unavailable|Y|Unavailable|Y|Unavailable
2011-10-08|Unavailable|Unavailable|Unavailable|Unavailable|Unavailable|Unavailable|Unavailable|Unavailable|Unavailable|Unavailable|Unavailable|Unavailable|Y|Y|Unavailable|Y|Unavailable|Y
2011-10-09|Y|Unavailable|Unavailable|Y|Y|Unavailable|Unavailable|Unavailable|Unavailable|Unavailable|Y|Unavailable|Y|Y|Y|Unavailable|Unavailable|Unavailable
2011-10-10|Y|Y|Y|Unavailable|Unavailable|Unavailable|Unavailable|Unavailable|Unavailable|Unavailable|Unavailable|Y|Y|Y|Y|Unavailable|Unavailable|Unavailable
2011-10-11|Unavailable|Unavailable|Unavailable|Unavailable|Unavailable|Unavailable|Unavailable|Unavailable|Unavailable|Unavailable|Unavailable|Unavailable|Unavailable|Unavailable|Unavailable|Y|Unavailable|Y
2011-10-12|Unavailable|Unavailable|Unavailable|Unavailable|Unavailable|Unavailable|Unavailable|Unavailable|Unavailable|Unavailable|Unavailable|Unavailable|Y|Y|Unavailable|Y|Y|Unavailable
2011-10-13|Unavailable|Unavailable|Y|Y|Unavailable|Unavailable|Unavailable|Unavailable|Unavailable|Unavailable|Unavailable|Unavailable|Y|Y|Unavailable|Unavailable|Y|Y
2011-10-14|Unavailable|Unavailable|Unavailable|Unavailable|Unavailable|Unavailable|Unavailable|Unavailable|Unavailable|Unavailable|Unavailable|Unavailable|Unavailable|Unavailable|Unavailable|Unavailable|Unavailable|Unavailable
2011-10-15|Unavailable|Unavailable|Unavailable|Unavailable|Unavailable|Unavailable|Unavailable|Unavailable|Unavailable|Unavailable|Unavailable|Unavailable|Unavailable|Unavailable|Unavailable|Unavailable|Unavailable|Unavailable
2011-10-16|T|Y|Unavailable|Y|Y|Unavailable|Unavailable|Unavailable|Unavailable|Unavailable|Y|Unavailable|Y|Y|Y|Unavailable|Unavailable|Unavailable
2011-10-17|Unavailable|Unavailable|Unavailable|Unavailable|Unavailable|Unavailable|Unavailable|Unavailable|Unavailable|Unavailable|Unavailable|Unavailable|Unavailable|Unavailable|Unavailable|Unavailable|Unavailable|Unavailable
2011-10-18|Unavailable|Unavailable|Unavailable|Unavailable|Unavailable|Unavailable|Unavailable|Unavailable|Unavailable|Unavailable|Unavailable|Unavailable|Unavailable|Unavailable|Unavailable|Unavailable|Unavailable|Unavailable
2011-10-19|Unavailable|Unavailable|Unavailable|Unavailable|Unavailable|Unavailable|Unavailable|Unavailable|Unavailable|Unavailable|Unavailable|Unavailable|Unavailable|Unavailable|Unavailable|Unavailable|Unavailable|Unavailable
2011-10-20|Unavailable|Y|Y|Y|Unavailable|Unavailable|Y|Y|Y|Y|Unavailable|Unavailable|Y|Y|Unavailable|Unavailable|Unavailable|Unavailable
2011-10-21|Unavailable|Unavailable|Unavailable|Unavailable|Y|F|Unavailable|Unavailable|Y|Y|Unavailable|Y|Y|Y|Unavailable|Y|Y|Unavailable
2011-10-22|Unavailable|Unavailable|Unavailable|Unavailable|Unavailable|I|Unavailable|Unavailable|Unavailable|Unavailable|Unavailable|Unavailable|Y|Y|Unavailable|Y|Unavailable|Y
2011-10-23|Y|T|Y|Y|Y|Unavailable|Unavailable|Unavailable|Unavailable|Unavailable|Y|Unavailable|Y|Y|Y|Unavailable|Unavailable|Unavailable
2011-10-24|Y|Y|Y|Unavailable|Unavailable|Y|Unavailable|Y|Unavailable|Y|Unavailable|Y|Y|Y|Unavailable|Y|Unavailable|Unavailable
2011-10-25|Unavailable|Unavailable|Unavailable|Unavailable|Unavailable|Y|Unavailable|Y|Unavailable|Unavailable|Unavailable|Unavailable|Y|Y|Y|Unavailable|Unavailable|Y
2011-10-26|Unavailable|Unavailable|Y|Y|Unavailable|Y|Y|Unavailable|Y|Y|Unavailable|Unavailable|Y|Y|Unavailable|Y|Y|Unavailable
2011-10-27|Unavailable|Unavailable|Unavailable|Unavailable|Unavailable|Unavailable|Unavailable|Unavailable|Unavailable|Unavailable|Unavailable|Unavailable|Unavailable|Unavailable|Y|Unavailable|Y|Y
2011-10-28|Unavailable|Unavailable|Unavailable|Unavailable|Unavailable|Unavailable|Unavailable|Unavailable|Unavailable|Unavailable|Unavailable|Unavailable|Unavailable|Unavailable|Unavailable|Unavailable|Unavailable|Unavailable
2011-10-29|Unavailable|Unavailable|Unavailable|Unavailable|Unavailable|Unavailable|Unavailable|Unavailable|Unavailable|Unavailable|Unavailable|Unavailable|Unavailable|Unavailable|Unavailable|Unavailable|Unavailable|Unavailable
2011-10-30|Unavailable|Unavailable|Unavailable|Unavailable|Unavailable|Unavailable|Unavailable|Unavailable|Unavailable|Unavailable|Unavailable|Unavailable|Unavailable|Unavailable|Unavailable|Unavailable|Unavailable|Unavailable
2011-10-31|Y|Y|Y|Unavailable|Unavailable|Unavailable|Unavailable|Y|Unavailable|Y|Unavailable|Y|Y|Y|Unavailable|Unavailable|Unavailable|Unavailable
2011-11-01|Unavailable|Y|Y|Unavailable|Unavailable|Y|Y|Y|Unavailable|Y|Unavailable|Unavailable|Y|Y|Unavailable|Unavailable|Unavailable|Y
2011-11-02|Unavailable|Unavailable|Unavailable|Y|Unavailable|Y|Unavailable|Unavailable|Y|Y|Unavailable|Unavailable|Y|Y|E|Unavailable|Y|Unavailable
2011-11-03|Unavailable|Unavailable|Unavailable|Unavailable|Unavailable|Unavailable|Unavailable|Unavailable|Unavailable|Unavailable|Unavailable|Unavailable|Y|Y|Unavailable|E|Y|Y
2011-11-04|Unavailable|Unavailable|Unavailable|Unavailable|Unavailable|Unavailable|Unavailable|Unavailable|Unavailable|Unavailable|Unavailable|Unavailable|Y|Y|Unavailable|Unavailable|Unavailable|Unavailable
2011-11-05|Unavailable|Unavailable|Unavailable|Unavailable|Unavailable|Unavailable|Unavailable|Unavailable|Unavailable|Unavailable|Unavailable|Unavailable|Unavailable|Unavailable|Unavailable|Unavailable|Unavailable|Unavailable
2011-11-06|Unavailable|Unavailable|Unavailable|Unavailable|Unavailable|Unavailable|Unavailable|Unavailable|Unavailable|Unavailable|Y|Unavailable|Y|Y|Unavailable|Unavailable|Unavailable|Unavailable
2011-11-07|Y|Y|Y|Unavailable|Unavailable|Y|Unavailable|Y|Unavailable|Y|Unavailable|Y|Y|Y|Unavailable|Unavailable|Unavailable|Unavailable
2011-11-08|Unavailable|Y|Y|Unavailable|Unavailable|Y|Y|Y|Unavailable|Y|Unavailable|Unavailable|Y|Y|Unavailable|Unavailable|Unavailable|Y
2011-11-09|Unavailable|Unavailable|Y|Y|Unavailable|Y|Unavailable|Unavailable|Y|Y|Unavailable|Unavailable|Y|Y|Unavailable|Unavailable|Y|Unavailable
2011-11-10|Y|Y|Y|Y|Unavailable|Y|Y|Y|Y|Y|Unavailable|Unavailable|Y|Y|Unavailable|Unavailable|Y|Y
2011-11-11|Unavailable|Unavailable|Unavailable|Unavailable|Unavailable|Unavailable|Unavailable|Unavailable|Unavailable|Unavailable|Unavailable|Unavailable|Y|Y|Unavailable|Unavailable|Y|Unavailable
2011-11-12|Y|Y|Unavailable|Y|Y|Y|Y|Unavailable|Unavailable|Unavailable|Unavailable|Y|Y|Y|Unavailable|Unavailable|Unavailable|Y
2011-11-13|Y|Unavailable|Unavailable|Y|Y|Unavailable|Unavailable|Unavailable|Unavailable|Unavailable|Y|Unavailable|Y|Y|Unavailable|Unavailable|Unavailable|Unavailable
2011-11-14|Y|Y|Y|Unavailable|Unavailable|Y|Unavailable|Y|Unavailable|Y|Unavailable|Y|Y|Y|Unavailable|Unavailable|Unavailable|Unavailable
2011-11-15|Unavailable|Y|Y|Unavailable|Unavailable|Y|Y|Y|Unavailable|Y|Unavailable|Unavailable|Y|Y|Unavailable|Unavailable|Unavailable|Y
2011-11-16|Unavailable|Unavailable|Y|Y|Unavailable|Y|Y|Unavailable|Y|Y|Unavailable|Unavailable|Y|Y|Unavailable|Unavailable|Y|Unavailable
2011-11-17|Y|Y|Y|Y|Unavailable|Y|Y|Y|Y|Y|Unavailable|Unavailable|Y|Y|Unavailable|Unavailable|Y|Y
2011-11-18|Unavailable|Unavailable|Unavailable|Unavailable|Unavailable|Unavailable|Unavailable|Unavailable|Unavailable|Unavailable|Unavailable|Unavailable|Y|Y|Unavailable|Unavailable|Y|Unavailable
2011-11-19|Unavailable|Unavailable|Unavailable|Unavailable|Unavailable|Unavailable|Unavailable|Unavailable|Unavailable|Unavailable|Unavailable|Unavailable|Y|Y|Unavailable|Unavailable|Unavailable|Y
2011-11-20|Unavailable|Unavailable|Unavailable|Unavailable|Unavailable|Unavailable|Unavailable|Unavailable|Unavailable|Unavailable|Unavailable|Unavailable|Y|Y|Unavailable|Unavailable|Unavailable|Unavailable
2011-11-21|Unavailable|Unavailable|Unavailable|Unavailable|Unavailable|Unavailable|Unavailable|Unavailable|Unavailable|Unavailable|Unavailable|Unavailable|Unavailable|Unavailable|Unavailable|Unavailable|Unavailable|Unavailable
2011-11-22|Unavailable|Y|Y|Unavailable|Unavailable|Y|Unavailable|Unavailable|Unavailable|Unavailable|Unavailable|Unavailable|Y|Y|Unavailable|Unavailable|Unavailable|Y
2011-11-23|T|Unavailable|Y|Y|Unavailable|Unavailable|Unavailable|Unavailable|Unavailable|Unavailable|Y|Unavailable|Y|Y|Unavailable|Unavailable|Y|Unavailable
2011-11-24|Y|Y|Y|Y|Unavailable|Y|Unavailable|Unavailable|Unavailable|Unavailable|Unavailable|Unavailable|Y|Y|Unavailable|Unavailable|Y|Y
2011-11-25|Unavailable|Unavailable|Unavailable|Unavailable|Y|Y|Unavailable|Unavailable|Unavailable|Unavailable|Unavailable|Y|Y|Y|Unavailable|Unavailable|Y|Unavailable
2011-11-26|Y|Y|Unavailable|Y|Y|Y|Unavailable|Unavailable|Unavailable|Unavailable|Unavailable|Y|Y|Y|Unavailable|Unavailable|Unavailable|Y
2011-11-27|Y|Unavailable|Unavailable|Y|Y|Unavailable|Unavailable|Unavailable|Unavailable|Unavailable|Y|Unavailable|Y|Y|Unavailable|Unavailable|Unavailable|Unavailable
2011-11-28|Unavailable|Unavailable|Unavailable|Unavailable|Unavailable|Unavailable|Unavailable|Unavailable|Unavailable|Unavailable|Unavailable|Unavailable|Unavailable|Unavailable|Unavailable|Unavailable|Unavailable|Unavailable
2011-11-29|Unavailable|Unavailable|Unavailable|Unavailable|Unavailable|Unavailable|Unavailable|Unavailable|Unavailable|Unavailable|Unavailable|Unavailable|Unavailable|Unavailable|Unavailable|Unavailable|Unavailable|Unavailable
2011-11-30|Unavailable|Unavailable|Unavailable|Unavailable|Unavailable|Unavailable|Unavailable|Unavailable|Unavailable|Unavailable|Unavailable|Unavailable|Unavailable|Unavailable|Unavailable|Unavailable|Unavailable|Unavailable
2011-12-01|Unavailable|Unavailable|Unavailable|Unavailable|Unavailable|Unavailable|Unavailable|Unavailable|Unavailable|Unavailable|Unavailable|Unavailable|Unavailable|Unavailable|Unavailable|Unavailable|Unavailable|Unavailable
2011-12-02|Unavailable|Unavailable|Unavailable|Unavailable|Unavailable|Unavailable|Unavailable|Unavailable|Unavailable|Unavailable|Unavailable|Unavailable|Unavailable|Unavailable|Unavailable|Unavailable|Unavailable|Unavailable
2011-12-03|Unavailable|Unavailable|Unavailable|Unavailable|Unavailable|Unavailable|Unavailable|Unavailable|Unavailable|Unavailable|Unavailable|Unavailable|Unavailable|Unavailable|Unavailable|Unavailable|Unavailable|Unavailable
2011-12-04|Unavailable|Unavailable|Unavailable|Unavailable|Unavailable|Unavailable|Unavailable|Unavailable|Unavailable|Unavailable|Unavailable|Unavailable|Unavailable|Unavailable|Unavailable|Unavailable|Unavailable|Unavailable
2011-12-05|Unavailable|Unavailable|Unavailable|Unavailable|Unavailable|Unavailable|Unavailable|Unavailable|Unavailable|Unavailable|Unavailable|Unavailable|Unavailable|Unavailable|Unavailable|Unavailable|Unavailable|Unavailable
2011-12-06|Unavailable|Unavailable|Unavailable|Unavailable|Unavailable|Unavailable|Unavailable|Unavailable|Unavailable|Unavailable|Unavailable|Unavailable|Unavailable|Unavailable|Unavailable|Unavailable|Unavailable|Unavailable
2011-12-07|Unavailable|Unavailable|Unavailable|Unavailable|Unavailable|Unavailable|Unavailable|Unavailable|Unavailable|Unavailable|Unavailable|Unavailable|Unavailable|Unavailable|Unavailable|Unavailable|Unavailable|Unavailable
2011-12-08|Unavailable|Unavailable|Unavailable|Unavailable|Unavailable|Unavailable|Y|Y|Y|Y|Unavailable|Unavailable|Y|Y|Unavailable|Unavailable|Y|Y
2011-12-09|Y|Unavailable|Unavailable|Y|Y|Y|Unavailable|Unavailable|Y|Y|Unavailable|Y|Y|Y|Unavailable|Unavailable|Y|Unavailable
2011-12-10|Unavailable|Y|Y|Unavailable|Unavailable|Unavailable|Y|Unavailable|Unavailable|Unavailable|Unavailable|Y|Y|Y|Unavailable|Unavailable|Unavailable|Y
2011-12-11|Unavailable|Unavailable|Unavailable|Y|Y|Unavailable|Unavailable|Unavailable|Unavailable|Unavailable|Y|Unavailable|Y|Y|Unavailable|Unavailable|Unavailable|Unavailable
2011-12-12|Y|Unavailable|Y|Unavailable|Unavailable|Y|Unavailable|Y|Unavailable|Y|Unavailable|Y|Y|Y|Unavailable|Unavailable|Unavailable|Unavailable
2011-12-13|Unavailable|Y|Unavailable|Unavailable|Unavailable|Y|Y|Y|Unavailable|Y|Unavailable|Unavailable|Y|Y|Unavailable|Unavailable|Unavailable|Y
2011-12-14|Y|Unavailable|Y|Y|Unavailable|Unavailable|Unavailable|Unavailable|Y|Y|Unavailable|Unavailable|Y|Y|Unavailable|Unavailable|Y|Unavailable
2011-12-15|Unavailable|Y|Unavailable|Unavailable|Unavailable|Y|Y|Y|Y|Y|Unavailable|Unavailable|Y|Y|Unavailable|Unavailable|Y|Y
2011-12-16|Unavailable|Unavailable|Unavailable|Unavailable|Y|Unavailable|Unavailable|Unavailable|Y|Y|Unavailable|Y|Y|Y|Unavailable|Unavailable|Y|Unavailable
2011-12-17|Y|Y|Unavailable|Unavailable|Unavailable|Y|Y|Unavailable|Unavailable|Unavailable|Unavailable|Y|Y|Y|Unavailable|Unavailable|Unavailable|Y
2011-12-18|Unavailable|Unavailable|Y|Y|E|Unavailable|Unavailable|Unavailable|Unavailable|Unavailable|Y|Unavailable|Y|Y|Unavailable|Unavailable|Unavailable|Unavailable
2011-12-19|Y|E|Unavailable|Unavailable|Unavailable|Y|Unavailable|Y|Unavailable|Y|Unavailable|Y|Y|Y|Unavailable|Unavailable|Unavailable|Unavailable
2011-12-20|Unavailable|Unavailable|E|Unavailable|Unavailable|Unavailable|Y|Y|Unavailable|Y|Unavailable|Unavailable|Y|Y|Unavailable|Unavailable|Unavailable|Y
2011-12-21|E|Unavailable|Unavailable|Y|Unavailable|E|Unavailable|Unavailable|Y|Y|Unavailable|Unavailable|Y|Y|Unavailable|Unavailable|Y|Unavailable
2011-12-22|Unavailable|Unavailable|Unavailable|E|Unavailable|Unavailable|E|E|E|E|Unavailable|Unavailable|Y|Y|Unavailable|Unavailable|Y|E
2011-12-23|Unavailable|Unavailable|Unavailable|Unavailable|Unavailable|Unavailable|Unavailable|Unavailable|Unavailable|Unavailable|E|E|Y|Y|Unavailable|Unavailable|E|Unavailable
2011-12-24|Unavailable|Unavailable|Unavailable|Unavailable|Unavailable|Unavailable|Unavailable|Unavailable|Unavailable|Unavailable|Unavailable|Unavailable|E|Y|Unavailable|Unavailable|Unavailable|Unavailable
2011-12-25|Unavailable|Unavailable|Unavailable|Unavailable|Unavailable|Unavailable|Unavailable|Unavailable|Unavailable|Unavailable|Unavailable|Unavailable|Unavailable|Unavailable|Unavailable|Unavailable|Unavailable|Unavailable
2012-03-20|Unavailable|Unavailable|Unavailable|Unavailable|Unavailable|Unavailable|Unavailable|Unavailable|Unavailable|Unavailable|Unavailable|Unavailable|Unavailable|E|Unavailable|Unavailable|Unavailable|Unavailable
